<?xml version="1.0" encoding="UTF-8"?>
<metadata xml:lang="zh"><Esri><CreaDate>20221206</CreaDate><CreaTime>12433300</CreaTime><ArcGISFormat>1.0</ArcGISFormat><SyncOnce>TRUE</SyncOnce><DataProperties><lineage><Process ToolSource="d:\program files (x86)\arcgis\desktop10.3\ArcToolbox\Toolboxes\Data Management Tools.tbx\CalculateField" Date="20221206" Time="124333">CalculateField 720全景 longitude [经度] VB #</Process><Process ToolSource="d:\program files (x86)\arcgis\desktop10.3\ArcToolbox\Toolboxes\Data Management Tools.tbx\CalculateField" Date="20221206" Time="124410">CalculateField 720全景 latitude [纬度] VB #</Process><Process ToolSource="d:\program files (x86)\arcgis\desktop10.3\ArcToolbox\Toolboxes\Data Management Tools.tbx\CalculateField" Date="20221206" Time="124450">CalculateField 720全景 720address [720_add] VB #</Process></lineage></DataProperties></Esri></metadata>
