{
"type": "FeatureCollection",
"name": "center",
"crs": { "type": "name", "properties": { "name": "urn:ogc:def:crs:EPSG::4490" } },
"features": [
{ "type": "Feature", "properties": { "OBJECTID": 4087, "NAME": "南明区", "x": null }, "geometry": { "type": "Point", "coordinates": [ 106.778602739159183, 26.548062233005652 ] } },
{ "type": "Feature", "properties": { "OBJECTID": 4088, "NAME": "云岩区", "x": null }, "geometry": { "type": "Point", "coordinates": [ 106.689058113402382, 26.604263724389945 ] } },
{ "type": "Feature", "properties": { "OBJECTID": 4089, "NAME": "花溪区", "x": null }, "geometry": { "type": "Point", "coordinates": [ 106.653836524417287, 26.383726925901769 ] } },
{ "type": "Feature", "properties": { "OBJECTID": 4090, "NAME": "乌当区", "x": null }, "geometry": { "type": "Point", "coordinates": [ 106.871916297929886, 26.758855412582495 ] } },
{ "type": "Feature", "properties": { "OBJECTID": 4091, "NAME": "白云区", "x": null }, "geometry": { "type": "Point", "coordinates": [ 106.681765315842171, 26.736543323815695 ] } },
{ "type": "Feature", "properties": { "OBJECTID": 4092, "NAME": "观山湖区", "x": null }, "geometry": { "type": "Point", "coordinates": [ 106.549282023096922, 26.647245684776586 ] } },
{ "type": "Feature", "properties": { "OBJECTID": 4093, "NAME": "开阳县", "x": null }, "geometry": { "type": "Point", "coordinates": [ 107.036584941157273, 27.072548956992449 ] } },
{ "type": "Feature", "properties": { "OBJECTID": 4094, "NAME": "息烽县", "x": null }, "geometry": { "type": "Point", "coordinates": [ 106.671939039349979, 27.148206073539793 ] } },
{ "type": "Feature", "properties": { "OBJECTID": 4095, "NAME": "修文县", "x": null }, "geometry": { "type": "Point", "coordinates": [ 106.580134836082365, 26.928776495964609 ] } },
{ "type": "Feature", "properties": { "OBJECTID": 4096, "NAME": "清镇市", "x": null }, "geometry": { "type": "Point", "coordinates": [ 106.331343408902512, 26.686439695485554 ] } },
{ "type": "Feature", "properties": { "OBJECTID": 4097, "NAME": "钟山区", "x": null }, "geometry": { "type": "Point", "coordinates": [ 104.837339029263404, 26.642190348728416 ] } },
{ "type": "Feature", "properties": { "OBJECTID": 4098, "NAME": "钟山区", "x": null }, "geometry": { "type": "Point", "coordinates": [ 104.647487869814043, 26.792651247611989 ] } },
{ "type": "Feature", "properties": { "OBJECTID": 4099, "NAME": "六枝特区", "x": null }, "geometry": { "type": "Point", "coordinates": [ 105.37330224205175, 26.233378220830453 ] } },
{ "type": "Feature", "properties": { "OBJECTID": 4100, "NAME": "水城县", "x": null }, "geometry": { "type": "Point", "coordinates": [ 104.922616010338544, 26.42465423713363 ] } },
{ "type": "Feature", "properties": { "OBJECTID": 4101, "NAME": "盘县", "x": null }, "geometry": { "type": "Point", "coordinates": [ 104.658449033983459, 25.768767701246855 ] } },
{ "type": "Feature", "properties": { "OBJECTID": 4102, "NAME": "红花岗区", "x": null }, "geometry": { "type": "Point", "coordinates": [ 106.911796842772105, 27.685858612891913 ] } },
{ "type": "Feature", "properties": { "OBJECTID": 4103, "NAME": "汇川区", "x": null }, "geometry": { "type": "Point", "coordinates": [ 106.96315076771144, 27.86192709334674 ] } },
{ "type": "Feature", "properties": { "OBJECTID": 4104, "NAME": "遵义县", "x": null }, "geometry": { "type": "Point", "coordinates": [ 106.872396769722386, 27.624551021212149 ] } },
{ "type": "Feature", "properties": { "OBJECTID": 4105, "NAME": "桐梓县", "x": null }, "geometry": { "type": "Point", "coordinates": [ 106.874895306871295, 28.41177254541034 ] } },
{ "type": "Feature", "properties": { "OBJECTID": 4106, "NAME": "绥阳县", "x": null }, "geometry": { "type": "Point", "coordinates": [ 107.192660648731206, 28.143315728835123 ] } },
{ "type": "Feature", "properties": { "OBJECTID": 4107, "NAME": "正安县", "x": null }, "geometry": { "type": "Point", "coordinates": [ 107.401081377472835, 28.503597305281648 ] } },
{ "type": "Feature", "properties": { "OBJECTID": 4108, "NAME": "道真县", "x": null }, "geometry": { "type": "Point", "coordinates": [ 107.606026708581595, 28.930800224282351 ] } },
{ "type": "Feature", "properties": { "OBJECTID": 4109, "NAME": "务川县", "x": null }, "geometry": { "type": "Point", "coordinates": [ 107.9087720919416, 28.658246244631908 ] } },
{ "type": "Feature", "properties": { "OBJECTID": 4110, "NAME": "凤冈县", "x": null }, "geometry": { "type": "Point", "coordinates": [ 107.76039642604789, 27.925242473876619 ] } },
{ "type": "Feature", "properties": { "OBJECTID": 4111, "NAME": "湄潭县", "x": null }, "geometry": { "type": "Point", "coordinates": [ 107.479861734586464, 27.760207734446944 ] } },
{ "type": "Feature", "properties": { "OBJECTID": 4112, "NAME": "余庆县", "x": null }, "geometry": { "type": "Point", "coordinates": [ 107.698637169865876, 27.392471537987888 ] } },
{ "type": "Feature", "properties": { "OBJECTID": 4113, "NAME": "习水县", "x": null }, "geometry": { "type": "Point", "coordinates": [ 106.346312433130109, 28.353244863746983 ] } },
{ "type": "Feature", "properties": { "OBJECTID": 4114, "NAME": "赤水县", "x": null }, "geometry": { "type": "Point", "coordinates": [ 105.910928607835643, 28.491375805774119 ] } },
{ "type": "Feature", "properties": { "OBJECTID": 4115, "NAME": "仁怀市", "x": null }, "geometry": { "type": "Point", "coordinates": [ 106.33747231568907, 27.836760203497647 ] } },
{ "type": "Feature", "properties": { "OBJECTID": 4116, "NAME": "西秀区", "x": null }, "geometry": { "type": "Point", "coordinates": [ 106.325529270993471, 26.262182700608644 ] } },
{ "type": "Feature", "properties": { "OBJECTID": 4117, "NAME": "西秀区", "x": null }, "geometry": { "type": "Point", "coordinates": [ 106.044293925910097, 26.193393279911746 ] } },
{ "type": "Feature", "properties": { "OBJECTID": 4118, "NAME": "平坝县", "x": null }, "geometry": { "type": "Point", "coordinates": [ 106.281428586433137, 26.40694582366849 ] } },
{ "type": "Feature", "properties": { "OBJECTID": 4119, "NAME": "普定县", "x": null }, "geometry": { "type": "Point", "coordinates": [ 105.732152371768024, 26.343639001343732 ] } },
{ "type": "Feature", "properties": { "OBJECTID": 4120, "NAME": "镇宁县", "x": null }, "geometry": { "type": "Point", "coordinates": [ 105.823204756010483, 25.840683045205431 ] } },
{ "type": "Feature", "properties": { "OBJECTID": 4121, "NAME": "关岭县", "x": null }, "geometry": { "type": "Point", "coordinates": [ 105.558258032896617, 25.859331458425022 ] } },
{ "type": "Feature", "properties": { "OBJECTID": 4122, "NAME": "紫云县", "x": null }, "geometry": { "type": "Point", "coordinates": [ 106.178666201631358, 25.697558278610355 ] } },
{ "type": "Feature", "properties": { "OBJECTID": 4123, "NAME": "七星关区", "x": null }, "geometry": { "type": "Point", "coordinates": [ 105.323423885400857, 27.404557506262591 ] } },
{ "type": "Feature", "properties": { "OBJECTID": 4124, "NAME": "大方县", "x": null }, "geometry": { "type": "Point", "coordinates": [ 105.684723549161163, 27.227993236444213 ] } },
{ "type": "Feature", "properties": { "OBJECTID": 4125, "NAME": "黔西县", "x": null }, "geometry": { "type": "Point", "coordinates": [ 106.111141965069777, 27.04761636596319 ] } },
{ "type": "Feature", "properties": { "OBJECTID": 4126, "NAME": "金沙县", "x": null }, "geometry": { "type": "Point", "coordinates": [ 106.26479179746832, 27.44595594546832 ] } },
{ "type": "Feature", "properties": { "OBJECTID": 4127, "NAME": "织金县", "x": null }, "geometry": { "type": "Point", "coordinates": [ 105.78210757527512, 26.645407056177053 ] } },
{ "type": "Feature", "properties": { "OBJECTID": 4128, "NAME": "纳雍县", "x": null }, "geometry": { "type": "Point", "coordinates": [ 105.274733570624988, 26.805663451462806 ] } },
{ "type": "Feature", "properties": { "OBJECTID": 4129, "NAME": "威宁县", "x": null }, "geometry": { "type": "Point", "coordinates": [ 104.128552467554499, 26.909647895940878 ] } },
{ "type": "Feature", "properties": { "OBJECTID": 4130, "NAME": "赫章县", "x": null }, "geometry": { "type": "Point", "coordinates": [ 104.629459434510466, 27.133202625553132 ] } },
{ "type": "Feature", "properties": { "OBJECTID": 4131, "NAME": "碧江区", "x": null }, "geometry": { "type": "Point", "coordinates": [ 109.205428435439273, 27.722214498213912 ] } },
{ "type": "Feature", "properties": { "OBJECTID": 4132, "NAME": "万山区", "x": null }, "geometry": { "type": "Point", "coordinates": [ 109.141337291576278, 27.553878630007212 ] } },
{ "type": "Feature", "properties": { "OBJECTID": 4133, "NAME": "江口县", "x": null }, "geometry": { "type": "Point", "coordinates": [ 108.76685623918813, 27.725939433870774 ] } },
{ "type": "Feature", "properties": { "OBJECTID": 4134, "NAME": "玉屏县", "x": null }, "geometry": { "type": "Point", "coordinates": [ 108.980345385907682, 27.332765699832425 ] } },
{ "type": "Feature", "properties": { "OBJECTID": 4135, "NAME": "石阡县", "x": null }, "geometry": { "type": "Point", "coordinates": [ 108.159258883604537, 27.488782522147869 ] } },
{ "type": "Feature", "properties": { "OBJECTID": 4136, "NAME": "思南县", "x": null }, "geometry": { "type": "Point", "coordinates": [ 108.138877299044154, 27.84648110424833 ] } },
{ "type": "Feature", "properties": { "OBJECTID": 4137, "NAME": "印江县", "x": null }, "geometry": { "type": "Point", "coordinates": [ 108.521634045989444, 27.995935462995362 ] } },
{ "type": "Feature", "properties": { "OBJECTID": 4138, "NAME": "德江县", "x": null }, "geometry": { "type": "Point", "coordinates": [ 108.083069123931679, 28.261528886658223 ] } },
{ "type": "Feature", "properties": { "OBJECTID": 4139, "NAME": "沿河县", "x": null }, "geometry": { "type": "Point", "coordinates": [ 108.333490178150782, 28.621160177499064 ] } },
{ "type": "Feature", "properties": { "OBJECTID": 4140, "NAME": "松桃县", "x": null }, "geometry": { "type": "Point", "coordinates": [ 109.031332336539933, 28.126420271371501 ] } },
{ "type": "Feature", "properties": { "OBJECTID": 4141, "NAME": "兴义市", "x": null }, "geometry": { "type": "Point", "coordinates": [ 104.84873922058739, 24.99838655279158 ] } },
{ "type": "Feature", "properties": { "OBJECTID": 4142, "NAME": "兴仁县", "x": null }, "geometry": { "type": "Point", "coordinates": [ 105.268845931101765, 25.496938845746499 ] } },
{ "type": "Feature", "properties": { "OBJECTID": 4143, "NAME": "普安县", "x": null }, "geometry": { "type": "Point", "coordinates": [ 104.991239349941978, 25.724741151275204 ] } },
{ "type": "Feature", "properties": { "OBJECTID": 4144, "NAME": "晴隆县", "x": null }, "geometry": { "type": "Point", "coordinates": [ 105.199452504695117, 25.83709603538917 ] } },
{ "type": "Feature", "properties": { "OBJECTID": 4145, "NAME": "贞丰县", "x": null }, "geometry": { "type": "Point", "coordinates": [ 105.682676502848167, 25.418611987893623 ] } },
{ "type": "Feature", "properties": { "OBJECTID": 4146, "NAME": "望谟县", "x": null }, "geometry": { "type": "Point", "coordinates": [ 106.162664747447863, 25.229353811357242 ] } },
{ "type": "Feature", "properties": { "OBJECTID": 4147, "NAME": "册亨县", "x": null }, "geometry": { "type": "Point", "coordinates": [ 105.828462037325949, 24.919949950042255 ] } },
{ "type": "Feature", "properties": { "OBJECTID": 4148, "NAME": "安龙县", "x": null }, "geometry": { "type": "Point", "coordinates": [ 105.370749924061471, 25.137170354177304 ] } },
{ "type": "Feature", "properties": { "OBJECTID": 4149, "NAME": "凯里市", "x": null }, "geometry": { "type": "Point", "coordinates": [ 107.903299247044544, 26.612374841654777 ] } },
{ "type": "Feature", "properties": { "OBJECTID": 4150, "NAME": "黄平县", "x": null }, "geometry": { "type": "Point", "coordinates": [ 107.85948377978913, 26.949824515259373 ] } },
{ "type": "Feature", "properties": { "OBJECTID": 4151, "NAME": "施秉县", "x": null }, "geometry": { "type": "Point", "coordinates": [ 108.142577054483212, 27.068503907914344 ] } },
{ "type": "Feature", "properties": { "OBJECTID": 4152, "NAME": "三穗县", "x": null }, "geometry": { "type": "Point", "coordinates": [ 108.750921194452161, 26.938222228204097 ] } },
{ "type": "Feature", "properties": { "OBJECTID": 4153, "NAME": "镇远县", "x": null }, "geometry": { "type": "Point", "coordinates": [ 108.464401631803142, 27.119086821823966 ] } },
{ "type": "Feature", "properties": { "OBJECTID": 4154, "NAME": "岑巩县", "x": null }, "geometry": { "type": "Point", "coordinates": [ 108.69628734030654, 27.363185441667682 ] } },
{ "type": "Feature", "properties": { "OBJECTID": 4155, "NAME": "天柱县", "x": null }, "geometry": { "type": "Point", "coordinates": [ 109.251218814651111, 26.923411629908941 ] } },
{ "type": "Feature", "properties": { "OBJECTID": 4156, "NAME": "锦屏县", "x": null }, "geometry": { "type": "Point", "coordinates": [ 109.122266305939377, 26.563267316729654 ] } },
{ "type": "Feature", "properties": { "OBJECTID": 4157, "NAME": "剑河县", "x": null }, "geometry": { "type": "Point", "coordinates": [ 108.665927628796254, 26.653685857575166 ] } },
{ "type": "Feature", "properties": { "OBJECTID": 4158, "NAME": "台江县", "x": null }, "geometry": { "type": "Point", "coordinates": [ 108.300513650878329, 26.642982192770106 ] } },
{ "type": "Feature", "properties": { "OBJECTID": 4159, "NAME": "黎平县", "x": null }, "geometry": { "type": "Point", "coordinates": [ 109.063809271812303, 26.153488128219202 ] } },
{ "type": "Feature", "properties": { "OBJECTID": 4160, "NAME": "榕江县", "x": null }, "geometry": { "type": "Point", "coordinates": [ 108.40857197344647, 26.031635276924199 ] } },
{ "type": "Feature", "properties": { "OBJECTID": 4161, "NAME": "从江县", "x": null }, "geometry": { "type": "Point", "coordinates": [ 108.718069819124423, 25.715532416015677 ] } },
{ "type": "Feature", "properties": { "OBJECTID": 4162, "NAME": "雷山县", "x": null }, "geometry": { "type": "Point", "coordinates": [ 108.144289884319036, 26.340479503291316 ] } },
{ "type": "Feature", "properties": { "OBJECTID": 4163, "NAME": "麻江县", "x": null }, "geometry": { "type": "Point", "coordinates": [ 107.574109502462036, 26.447898140583362 ] } },
{ "type": "Feature", "properties": { "OBJECTID": 4164, "NAME": "丹寨县", "x": null }, "geometry": { "type": "Point", "coordinates": [ 107.920699060060301, 26.228501859703385 ] } },
{ "type": "Feature", "properties": { "OBJECTID": 4165, "NAME": "都匀市", "x": null }, "geometry": { "type": "Point", "coordinates": [ 107.467069751605948, 26.150082062446035 ] } },
{ "type": "Feature", "properties": { "OBJECTID": 4166, "NAME": "福泉市", "x": null }, "geometry": { "type": "Point", "coordinates": [ 107.480971308832196, 26.77516017674078 ] } },
{ "type": "Feature", "properties": { "OBJECTID": 4167, "NAME": "荔波县", "x": null }, "geometry": { "type": "Point", "coordinates": [ 107.919850206764565, 25.397202658324183 ] } },
{ "type": "Feature", "properties": { "OBJECTID": 4168, "NAME": "贵定县", "x": null }, "geometry": { "type": "Point", "coordinates": [ 107.193666840218768, 26.430759680978504 ] } },
{ "type": "Feature", "properties": { "OBJECTID": 4169, "NAME": "瓮安县", "x": null }, "geometry": { "type": "Point", "coordinates": [ 107.411184980193866, 27.168775698122946 ] } },
{ "type": "Feature", "properties": { "OBJECTID": 4170, "NAME": "独山县", "x": null }, "geometry": { "type": "Point", "coordinates": [ 107.553025414300876, 25.633048782271185 ] } },
{ "type": "Feature", "properties": { "OBJECTID": 4171, "NAME": "平塘县", "x": null }, "geometry": { "type": "Point", "coordinates": [ 107.101347531405068, 25.788424850498593 ] } },
{ "type": "Feature", "properties": { "OBJECTID": 4172, "NAME": "罗甸县", "x": null }, "geometry": { "type": "Point", "coordinates": [ 106.699766887852292, 25.416001874362568 ] } },
{ "type": "Feature", "properties": { "OBJECTID": 4173, "NAME": "长顺县", "x": null }, "geometry": { "type": "Point", "coordinates": [ 106.394303923423138, 25.998439036557638 ] } },
{ "type": "Feature", "properties": { "OBJECTID": 4174, "NAME": "龙里县", "x": null }, "geometry": { "type": "Point", "coordinates": [ 106.984654299022964, 26.502447054491064 ] } },
{ "type": "Feature", "properties": { "OBJECTID": 4175, "NAME": "惠水县", "x": null }, "geometry": { "type": "Point", "coordinates": [ 106.7117148046881, 25.979328805539105 ] } },
{ "type": "Feature", "properties": { "OBJECTID": 4176, "NAME": "三都县", "x": null }, "geometry": { "type": "Point", "coordinates": [ 107.9461791319344, 25.848164772191115 ] } }
]
}
