<?xml version="1.0" encoding="UTF-8"?>
<metadata xml:lang="zh"><Esri><CreaDate>20221205</CreaDate><CreaTime>19292400</CreaTime><ArcGISFormat>1.0</ArcGISFormat><SyncOnce>TRUE</SyncOnce><DataProperties><lineage><Process ToolSource="d:\program files (x86)\arcgis\desktop10.3\ArcToolbox\Toolboxes\Data Management Tools.tbx\CalculateField" Date="20221205" Time="185330">CalculateField New_Shapefile Id [FID]+1 VB #</Process><Process ToolSource="d:\program files (x86)\arcgis\desktop10.3\ArcToolbox\Toolboxes\Data Management Tools.tbx\CalculateField" Date="20221205" Time="185338">CalculateField New_Shapefile Id [FID]+1 VB #</Process></lineage><itemProps><itemLocation><linkage Sync="TRUE">file://\\DESKTOP-UBQEDDQ\O$\项目\纵向\社发项目\无人机\系统数据\园区\New_Shapefile</linkage><protocol Sync="TRUE">Local Area Network</protocol></itemLocation></itemProps><copyHistory><copy source="O:\2_mosaic\New_Shapefile" dest="\\DESKTOP-UBQEDDQ\O$\项目\纵向\社发项目\无人机\系统数据\园区\New_Shapefile" date="20221205" time="19292400"></copy></copyHistory></DataProperties></Esri></metadata>
